"Date ","series ","OPEN ","HIGH ","LOW ","PREV. CLOSE ","ltp ","close ","vwap ","52W H ","52W L ","VOLUME ","VALUE ","No of trades "
"29-Sep-2023","EQ","2,462.05","2,479.55","2,405.05","2,475.25","2,416.00","2,413.90","2,430.24","4,190.00","1,017.45","16,89,201","4,10,51,65,312.70","81,407"
"28-Sep-2023","EQ","2,489.95","2,511.00","2,446.70","2,483.30","2,477.10","2,475.25","2,478.59","4,190.00","1,017.45","22,25,560","5,51,62,52,181.95","75,079"
"27-Sep-2023","EQ","2,460.00","2,498.00","2,445.10","2,457.95","2,484.00","2,483.30","2,475.27","4,190.00","1,017.45","10,77,373","2,66,67,89,719.35","42,234"
"26-Sep-2023","EQ","2,491.00","2,499.00","2,452.60","2,482.10","2,458.50","2,457.95","2,474.46","4,190.00","1,017.45","6,98,863","1,72,93,10,964.40","35,719"
"25-Sep-2023","EQ","2,479.95","2,489.00","2,424.00","2,464.90","2,484.00","2,482.10","2,460.35","4,190.00","1,017.45","12,16,898","2,99,39,92,416.55","62,473"
"22-Sep-2023","EQ","2,489.95","2,498.00","2,460.00","2,479.25","2,462.00","2,464.90","2,474.07","4,190.00","1,017.45","8,65,589","2,14,15,28,315.00","44,391"
"21-Sep-2023","EQ","2,479.80","2,503.80","2,461.00","2,470.30","2,481.00","2,479.25","2,482.40","4,190.00","1,017.45","12,79,908","3,17,72,48,552.25","72,931"
"20-Sep-2023","EQ","2,502.40","2,533.65","2,458.90","2,502.45","2,470.40","2,470.30","2,489.13","4,190.00","1,017.45","12,03,019","2,99,44,74,438.95","53,694"
"18-Sep-2023","EQ","2,552.00","2,555.00","2,491.00","2,540.05","2,503.00","2,502.45","2,521.46","4,190.00","1,017.45","8,61,677","2,17,26,82,220.55","41,768"
"15-Sep-2023","EQ","2,519.80","2,558.00","2,514.20","2,519.80","2,537.90","2,540.05","2,539.20","4,190.00","1,017.45","15,47,001","3,92,81,38,873.75","59,448"
"14-Sep-2023","EQ","2,541.85","2,545.00","2,506.05","2,518.90","2,516.00","2,519.80","2,524.05","4,190.00","1,017.45","12,18,481","3,07,55,05,237.20","66,834"
"13-Sep-2023","EQ","2,545.70","2,566.95","2,496.00","2,535.70","2,525.00","2,518.90","2,528.52","4,190.00","1,017.45","17,80,068","4,50,09,35,940.00","64,129"
"12-Sep-2023","EQ","2,622.45","2,626.60","2,530.00","2,614.95","2,532.05","2,535.70","2,555.52","4,190.00","1,017.45","56,58,774","14,46,11,29,168.90","1,47,400"
"11-Sep-2023","EQ","2,565.00","2,630.25","2,546.00","2,519.30","2,612.00","2,614.95","2,581.13","4,190.00","1,017.45","91,48,241","23,61,27,71,041.40","1,81,137"
"08-Sep-2023","EQ","2,513.80","2,538.60","2,506.10","2,509.50","2,519.00","2,519.30","2,526.49","4,190.00","1,017.45","56,40,973","14,25,18,47,311.05","91,658"
"07-Sep-2023","EQ","2,498.00","2,520.00","2,485.00","2,496.50","2,506.00","2,509.50","2,506.00","4,190.00","1,017.45","42,98,988","10,77,32,83,012.10","65,954"
"06-Sep-2023","EQ","2,494.05","2,504.00","2,471.00","2,494.05","2,489.45","2,496.50","2,493.74","4,190.00","1,017.45","74,16,248","18,49,41,82,978.55","1,29,014"
"05-Sep-2023","EQ","2,482.00","2,501.40","2,464.00","2,470.60","2,488.00","2,494.05","2,488.19","4,190.00","1,017.45","64,89,319","16,14,66,83,103.20","1,24,950"
"04-Sep-2023","EQ","2,454.00","2,480.00","2,450.05","2,450.05","2,470.50","2,470.60","2,470.54","4,190.00","1,017.45","59,98,454","14,81,94,12,140.30","1,04,932"
"01-Sep-2023","EQ","2,381.00","2,465.55","2,380.00","2,419.25","2,449.90","2,450.05","2,441.84","4,190.00","1,017.45","67,64,397","16,51,75,63,367.45","1,69,694"
"31-Aug-2023","EQ","2,449.95","2,489.95","2,383.75","2,513.10","2,425.00","2,419.25","2,437.26","4,190.00","1,017.45","62,30,369","15,18,50,30,913.50","2,09,189"
"30-Aug-2023","EQ","2,517.00","2,543.00","2,492.40","2,506.45","2,510.00","2,513.10","2,525.87","4,190.00","1,017.45","64,84,593","16,37,92,33,763.05","1,16,612"
"29-Aug-2023","EQ","2,472.10","2,536.65","2,445.00","2,472.45","2,507.60","2,506.45","2,503.76","4,190.00","1,017.45","48,02,150","12,02,34,27,681.20","1,64,344"
"28-Aug-2023","EQ","2,550.00","2,582.00","2,455.65","2,495.75","2,473.95","2,472.45","2,499.94","4,190.00","1,017.45","44,57,038","11,14,23,35,573.90","1,47,610"
"25-Aug-2023","EQ","2,549.00","2,549.00","2,486.00","2,539.55","2,490.00","2,495.75","2,511.47","4,190.00","1,017.45","28,08,721","7,05,40,26,094.60","1,02,176"
"24-Aug-2023","EQ","2,580.00","2,613.00","2,531.10","2,530.30","2,542.20","2,539.55","2,574.82","4,190.00","1,017.45","45,58,367","11,73,69,77,191.35","1,57,473"
"23-Aug-2023","EQ","2,720.00","2,722.40","2,488.85","2,698.05","2,539.00","2,530.30","2,603.20","4,190.00","1,017.45","52,51,316","13,67,02,18,778.70","1,89,702"
"22-Aug-2023","EQ","2,668.85","2,721.00","2,654.10","2,639.75","2,694.90","2,698.05","2,696.40","4,190.00","1,017.45","1,02,91,468","27,74,98,70,491.95","2,16,090"
"21-Aug-2023","EQ","2,588.00","2,655.00","2,580.50","2,577.40","2,637.00","2,639.75","2,630.61","4,190.00","1,017.45","1,04,79,200","27,56,66,98,929.20","2,16,694"
"18-Aug-2023","EQ","2,477.50","2,665.95","2,461.30","2,479.70","2,570.95","2,577.40","2,562.98","4,190.00","1,017.45","1,46,79,923","37,62,43,90,938.65","3,44,747"
"17-Aug-2023","EQ","2,454.95","2,487.20","2,442.05","2,445.10","2,477.50","2,479.70","2,462.66","4,190.00","1,017.45","77,69,452","19,13,35,32,962.00","1,34,500"
"16-Aug-2023","EQ","2,450.00","2,465.00","2,420.00","2,456.00","2,442.00","2,445.10","2,450.99","4,190.00","1,017.45","70,84,828","17,36,48,07,267.65","1,30,359"
"14-Aug-2023","EQ","2,480.00","2,484.95","2,400.05","2,539.50","2,446.95","2,456.00","2,450.44","4,190.00","1,017.45","97,86,919","23,98,22,84,091.80","2,50,812"
"11-Aug-2023","EQ","2,550.05","2,568.15","2,518.20","2,552.40","2,538.00","2,539.50","2,552.42","4,190.00","1,017.45","71,57,372","18,26,86,36,286.90","1,53,795"
"10-Aug-2023","EQ","2,510.00","2,577.50","2,510.00","2,507.10","2,549.00","2,552.40","2,549.54","4,190.00","1,017.45","81,40,756","20,75,51,60,585.65","1,86,434"
"09-Aug-2023","EQ","2,488.35","2,516.90","2,472.00","2,474.55","2,506.00","2,507.10","2,500.07","4,190.00","1,017.45","57,81,400","14,45,38,93,901.90","1,37,283"
"08-Aug-2023","EQ","2,563.25","2,563.25","2,461.30","2,550.50","2,477.05","2,474.55","2,496.62","4,190.00","1,017.45","61,27,920","15,29,90,70,980.10","1,65,124"
"07-Aug-2023","EQ","2,550.95","2,569.00","2,516.40","2,541.80","2,552.00","2,550.50","2,545.71","4,190.00","1,017.45","46,84,333","11,92,49,66,355.50","1,04,084"
"04-Aug-2023","EQ","2,545.30","2,557.90","2,502.00","2,532.60","2,536.15","2,541.80","2,535.26","4,190.00","1,017.45","32,94,056","8,35,12,96,255.90","91,387"
"03-Aug-2023","EQ","2,469.90","2,550.00","2,462.00","2,473.55","2,535.00","2,532.60","2,516.19","4,190.00","1,017.45","47,20,470","11,87,76,02,816.95","1,64,423"
"02-Aug-2023","EQ","2,493.00","2,514.00","2,451.00","2,481.10","2,473.10","2,473.55","2,486.61","4,190.00","1,017.45","25,06,971","6,23,38,65,419.40","92,290"
"01-Aug-2023","EQ","2,504.85","2,514.00","2,455.25","2,492.20","2,481.90","2,481.10","2,480.87","4,190.00","1,017.45","15,75,727","3,90,91,77,435.90","66,292"
"31-Jul-2023","EQ","2,477.00","2,518.00","2,467.00","2,463.20","2,490.05","2,492.20","2,490.25","4,190.00","1,017.45","33,59,974","8,36,71,86,317.05","95,349"
"28-Jul-2023","EQ","2,437.00","2,481.65","2,431.10","2,428.40","2,459.00","2,463.20","2,461.29","4,190.00","1,017.45","23,39,800","5,75,89,32,648.45","83,380"
"27-Jul-2023","EQ","2,470.75","2,485.00","2,415.00","2,470.75","2,433.60","2,428.40","2,445.56","4,190.00","1,017.45","22,43,944","5,48,77,06,284.70","79,442"
"26-Jul-2023","EQ","2,472.45","2,506.00","2,446.00","2,466.65","2,468.00","2,470.75","2,479.60","4,190.00","1,017.45","40,21,773","9,97,24,07,788.65","1,23,641"
"25-Jul-2023","EQ","2,428.00","2,479.00","2,416.00","2,418.20","2,465.10","2,466.65","2,446.15","4,190.00","1,017.45","30,17,555","7,38,13,85,331.50","93,641"
"24-Jul-2023","EQ","2,430.00","2,439.40","2,412.05","2,416.30","2,416.00","2,418.20","2,424.70","4,190.00","1,017.45","11,13,193","2,69,91,58,291.20","44,300"
"21-Jul-2023","EQ","2,410.00","2,457.85","2,395.30","2,419.75","2,420.00","2,416.30","2,432.97","4,190.00","1,017.45","22,80,563","5,54,85,41,704.80","86,825"
"20-Jul-2023","EQ","2,428.95","2,433.90","2,400.00","2,423.75","2,419.95","2,419.75","2,419.72","4,190.00","1,017.45","15,64,275","3,78,51,03,681.75","69,720"
"19-Jul-2023","EQ","2,428.65","2,443.00","2,416.90","2,416.90","2,423.90","2,423.75","2,428.08","4,190.00","1,017.45","16,37,260","3,97,54,03,534.90","66,734"
"18-Jul-2023","EQ","2,415.00","2,510.00","2,405.20","2,408.55","2,416.00","2,416.90","2,446.49","4,190.00","1,017.45","59,78,272","14,62,57,79,348.15","2,18,769"
"17-Jul-2023","EQ","2,399.90","2,459.50","2,391.30","2,376.10","2,410.00","2,408.55","2,425.15","4,190.00","1,017.45","30,90,373","7,49,46,14,124.40","1,26,827"
"14-Jul-2023","EQ","2,375.00","2,385.00","2,340.00","2,362.05","2,382.00","2,376.10","2,363.27","4,190.00","1,017.45","13,53,535","3,19,87,65,547.90","59,601"
"13-Jul-2023","EQ","2,397.00","2,405.70","2,355.55","2,387.90","2,363.00","2,362.05","2,381.02","4,190.00","1,017.45","12,47,741","2,97,09,00,602.65","54,521"
"12-Jul-2023","EQ","2,429.90","2,432.00","2,380.45","2,422.90","2,390.00","2,387.90","2,400.74","4,190.00","1,017.45","14,45,282","3,46,97,52,710.85","62,902"
"11-Jul-2023","EQ","2,423.75","2,444.95","2,388.00","2,410.25","2,418.00","2,422.90","2,423.62","4,190.00","1,017.45","22,47,776","5,44,77,59,736.20","89,046"
"10-Jul-2023","EQ","2,392.80","2,462.70","2,355.00","2,379.60","2,411.80","2,410.25","2,411.32","4,190.00","1,017.45","37,71,285","9,09,37,65,747.25","1,33,840"
"07-Jul-2023","EQ","2,395.00","2,409.95","2,368.10","2,402.90","2,380.00","2,379.60","2,386.37","4,190.00","1,017.45","18,23,645","4,35,19,00,440.10","63,030"
"06-Jul-2023","EQ","2,399.15","2,427.60","2,390.00","2,399.15","2,397.05","2,402.90","2,406.35","4,190.00","1,017.45","24,76,366","5,95,90,09,118.40","72,164"
"05-Jul-2023","EQ","2,391.00","2,412.05","2,374.00","2,387.70","2,401.00","2,399.15","2,395.05","4,190.00","1,017.45","21,98,481","5,26,54,65,615.70","64,720"
"04-Jul-2023","EQ","2,397.00","2,414.00","2,373.05","2,385.50","2,388.00","2,387.70","2,395.02","4,190.00","1,017.45","23,08,684","5,52,93,52,671.30","79,061"
"03-Jul-2023","EQ","2,405.00","2,417.85","2,373.20","2,388.05","2,384.75","2,385.50","2,392.89","4,190.00","1,017.45","26,62,358","6,37,07,38,865.55","89,985"
"30-Jun-2023","EQ","2,437.95","2,437.95","2,350.00","2,402.00","2,390.00","2,388.05","2,390.92","4,190.00","1,017.45","51,25,497","12,25,46,72,232.50","1,75,623"
"28-Jun-2023","EQ","2,300.00","2,418.60","2,293.85","2,284.45","2,413.00","2,402.00","2,330.90","4,190.00","1,017.45","2,83,53,193","66,08,83,51,633.80","3,19,100"
"27-Jun-2023","EQ","2,328.95","2,343.85","2,271.00","2,295.60","2,283.90","2,284.45","2,305.44","4,190.00","1,017.45","33,61,053","7,74,87,10,533.35","1,19,408"
"26-Jun-2023","EQ","2,210.05","2,336.45","2,173.05","2,233.55","2,301.90","2,295.60","2,283.14","4,190.00","1,017.45","78,47,341","17,91,65,82,963.75","2,82,882"
"23-Jun-2023","EQ","2,392.30","2,392.30","2,163.30","2,397.25","2,229.00","2,233.55","2,245.65","4,190.00","1,017.45","1,52,13,238","34,16,35,87,614.25","5,38,949"
"22-Jun-2023","EQ","2,425.10","2,449.95","2,360.00","2,405.95","2,393.00","2,397.25","2,404.13","4,190.00","1,017.45","84,59,191","20,33,69,75,554.45","1,26,915"
"21-Jun-2023","EQ","2,426.70","2,440.00","2,393.10","2,414.80","2,425.00","2,405.95","2,403.11","4,190.00","1,017.45","74,18,013","17,82,62,95,349.85","97,423"
"20-Jun-2023","EQ","2,435.00","2,435.00","2,390.00","2,401.40","2,419.00","2,414.80","2,413.71","4,190.00","1,017.45","24,79,711","5,98,53,05,541.70","94,144"
"19-Jun-2023","EQ","2,504.00","2,521.60","2,350.00","2,509.60","2,411.45","2,401.40","2,414.19","4,190.00","1,017.45","1,14,75,674","27,70,44,69,849.00","2,40,481"
"16-Jun-2023","EQ","2,499.20","2,526.90","2,487.40","2,485.65","2,504.90","2,509.60","2,509.05","4,190.00","1,017.45","79,99,982","20,07,23,30,922.65","1,19,702"
"15-Jun-2023","EQ","2,469.00","2,527.00","2,462.90","2,457.15","2,488.00","2,485.65","2,497.56","4,190.00","1,017.45","37,44,029","9,35,09,29,369.80","1,28,109"
"14-Jun-2023","EQ","2,469.90","2,484.80","2,452.35","2,462.55","2,457.00","2,457.15","2,466.03","4,190.00","1,017.45","13,64,403","3,36,46,63,380.20","52,469"
"13-Jun-2023","EQ","2,499.00","2,505.00","2,442.20","2,484.80","2,464.05","2,462.55","2,477.69","4,190.00","1,017.45","22,10,990","5,47,81,47,126.60","84,140"
"12-Jun-2023","EQ","2,460.00","2,505.00","2,432.60","2,451.15","2,492.40","2,484.80","2,475.91","4,190.00","1,017.45","28,04,898","6,94,46,66,332.20","1,09,217"
"09-Jun-2023","EQ","2,447.95","2,458.90","2,428.00","2,429.15","2,454.00","2,451.15","2,446.22","4,190.00","1,017.45","19,48,506","4,76,64,77,363.00","70,948"
"08-Jun-2023","EQ","2,450.00","2,475.90","2,369.05","2,439.55","2,436.20","2,429.15","2,432.48","4,190.00","1,017.45","37,81,621","9,19,87,36,069.95","1,43,560"
"07-Jun-2023","EQ","2,453.00","2,466.95","2,435.00","2,433.65","2,440.50","2,439.55","2,449.14","4,190.00","1,017.45","25,22,516","6,17,80,05,370.60","85,030"
"06-Jun-2023","EQ","2,475.00","2,506.95","2,425.90","2,433.95","2,430.05","2,433.65","2,446.03","4,190.00","1,017.45","64,73,608","15,83,46,07,233.95","1,42,108"
"05-Jun-2023","EQ","2,463.20","2,514.00","2,428.00","2,445.05","2,440.00","2,433.95","2,465.50","4,190.00","1,017.45","29,56,768","7,28,98,98,971.70","1,24,934"
"02-Jun-2023","EQ","2,535.00","2,538.90","2,425.00","2,492.15","2,440.00","2,445.05","2,459.27","4,190.00","1,017.45","55,43,791","13,63,36,68,219.65","1,41,696"
"01-Jun-2023","EQ","2,499.90","2,560.00","2,485.30","2,493.35","2,496.00","2,492.15","2,507.49","4,190.00","1,017.45","17,04,946","4,27,51,37,755.20","72,211"
"31-May-2023","EQ","2,482.00","2,573.00","2,428.00","2,496.45","2,494.00","2,493.35","2,506.49","4,190.00","1,017.45","42,68,439","10,69,87,99,708.45","1,81,970"
"30-May-2023","EQ","2,529.30","2,554.15","2,475.15","2,534.05","2,497.00","2,496.45","2,522.15","4,190.00","1,017.45","17,36,953","4,38,08,50,868.55","80,071"
"29-May-2023","EQ","2,570.00","2,583.50","2,523.00","2,544.35","2,533.00","2,534.05","2,549.41","4,190.00","1,017.45","27,79,432","7,08,59,12,286.85","1,13,984"
"26-May-2023","EQ","2,565.00","2,599.95","2,535.15","2,537.45","2,540.00","2,544.35","2,559.29","4,190.00","1,017.45","39,63,515","10,14,37,88,505.15","1,70,861"
"25-May-2023","EQ","2,440.00","2,558.80","2,386.65","2,475.60","2,548.00","2,537.45","2,470.91","4,190.00","1,017.45","84,34,009","20,83,96,72,856.80","3,45,309"
"24-May-2023","EQ","2,709.00","2,750.00","2,425.35","2,633.70","2,475.00","2,475.60","2,554.26","4,190.00","1,017.45","2,34,65,761","59,93,77,52,898.10","8,34,165"
"23-May-2023","EQ","2,410.90","2,759.45","2,400.00","2,326.10","2,639.95","2,633.70","2,636.02","4,190.00","1,017.45","2,84,32,888","74,94,97,00,740.80","8,73,248"
"22-May-2023","EQ","2,010.00","2,347.00","1,983.40","1,956.05","2,338.55","2,326.10","2,212.95","4,190.00","1,017.45","2,63,11,368","58,22,57,95,208.90","7,79,253"
"19-May-2023","EQ","1,888.00","1,983.00","1,872.10","1,890.00","1,955.00","1,956.05","1,933.65","4,190.00","1,017.45","75,41,150","14,58,19,71,986.60","2,49,199"
"18-May-2023","EQ","1,910.05","1,924.00","1,877.20","1,899.50","1,883.00","1,890.00","1,900.73","4,190.00","1,017.45","24,37,396","4,63,28,36,955.00","73,391"
"17-May-2023","EQ","1,900.00","1,919.95","1,857.75","1,889.15","1,897.05","1,899.50","1,889.86","4,190.00","1,017.45","36,32,797","6,86,54,80,354.60","1,21,068"
"16-May-2023","EQ","1,927.00","1,935.00","1,881.00","1,916.05","1,898.00","1,889.15","1,907.38","4,190.00","1,017.45","30,58,799","5,83,42,82,250.60","93,909"
"15-May-2023","EQ","1,959.90","1,964.70","1,880.00","1,964.70","1,910.00","1,916.05","1,910.98","4,190.00","1,017.45","48,36,782","9,24,29,86,976.85","1,66,552"
"12-May-2023","EQ","2,009.00","2,010.00","1,946.55","1,984.65","1,965.00","1,964.70","1,972.68","4,190.00","1,017.45","38,16,201","7,52,81,32,764.95","1,24,303"
"11-May-2023","EQ","1,925.00","2,013.75","1,910.00","1,892.15","1,988.00","1,984.65","1,973.81","4,190.00","1,017.45","88,35,941","17,44,04,95,295.55","2,91,184"
"10-May-2023","EQ","1,899.00","1,914.90","1,883.95","1,896.10","1,891.00","1,892.15","1,900.91","4,190.00","1,017.45","19,70,906","3,74,65,24,065.50","71,745"
"09-May-2023","EQ","1,900.00","1,930.00","1,889.10","1,887.50","1,895.40","1,896.10","1,910.03","4,190.00","1,017.45","27,00,563","5,15,81,55,691.85","88,427"
"08-May-2023","EQ","1,920.30","1,926.90","1,876.00","1,920.30","1,892.00","1,887.50","1,893.79","4,190.00","1,017.45","28,35,197","5,36,92,63,788.00","1,01,164"
"05-May-2023","EQ","1,954.80","1,955.00","1,903.15","1,911.25","1,919.20","1,920.30","1,930.87","4,190.00","1,017.45","61,37,744","11,85,12,15,203.30","2,07,327"
"04-May-2023","EQ","1,839.05","1,935.00","1,839.05","1,839.00","1,925.00","1,911.25","1,886.78","4,190.00","1,017.45","48,42,127","9,13,60,40,023.05","1,68,632"
"03-May-2023","EQ","1,919.00","1,940.00","1,785.35","1,919.85","1,834.00","1,839.00","1,856.55","4,190.00","1,017.45","58,49,432","10,85,97,76,808.70","2,28,734"
"02-May-2023","EQ","1,935.00","1,966.00","1,908.00","1,924.95","1,919.00","1,919.85","1,932.34","4,190.00","1,017.45","38,13,963","7,36,98,55,740.30","1,43,521"
"28-Apr-2023","EQ","1,868.05","1,944.00","1,857.15","1,853.05","1,922.00","1,924.95","1,912.30","4,190.00","1,017.45","61,59,130","11,77,81,31,664.30","2,26,409"
"27-Apr-2023","EQ","1,848.00","1,864.95","1,832.55","1,847.90","1,854.00","1,853.05","1,849.97","4,190.00","1,017.45","17,82,360","3,29,73,04,285.50","71,276"
"26-Apr-2023","EQ","1,854.00","1,874.00","1,826.40","1,844.60","1,846.05","1,847.90","1,854.78","4,190.00","1,017.45","24,22,711","4,49,35,90,961.10","96,443"
"25-Apr-2023","EQ","1,806.00","1,913.75","1,801.80","1,801.95","1,847.65","1,844.60","1,865.20","4,190.00","1,017.45","53,64,841","10,00,64,96,438.80","2,01,111"
"24-Apr-2023","EQ","1,804.00","1,817.40","1,775.80","1,803.00","1,802.00","1,801.95","1,799.23","4,190.00","1,017.45","19,63,582","3,53,29,26,108.55","83,370"
"21-Apr-2023","EQ","1,846.00","1,853.25","1,796.05","1,842.90","1,802.00","1,803.00","1,816.00","4,190.00","1,017.45","20,90,833","3,79,69,46,442.95","87,940"
"20-Apr-2023","EQ","1,855.00","1,878.90","1,836.85","1,853.85","1,846.00","1,842.90","1,853.80","4,190.00","1,017.45","20,16,823","3,73,87,87,276.00","75,110"
"19-Apr-2023","EQ","1,847.00","1,877.70","1,835.00","1,850.95","1,851.00","1,853.85","1,857.49","4,190.00","1,017.45","24,55,884","4,56,17,82,022.40","95,034"
"18-Apr-2023","EQ","1,892.00","1,902.75","1,830.00","1,878.75","1,844.90","1,850.95","1,864.10","4,190.00","1,017.45","25,42,401","4,73,92,93,431.60","1,03,734"
"17-Apr-2023","EQ","1,870.75","1,904.90","1,847.00","1,870.75","1,878.45","1,878.75","1,877.52","4,190.00","1,017.45","29,83,032","5,60,06,95,388.35","1,21,123"
"13-Apr-2023","EQ","1,855.00","1,885.00","1,826.05","1,847.25","1,869.50","1,870.75","1,858.75","4,190.00","1,017.45","34,02,280","6,32,39,88,503.30","1,26,886"
"12-Apr-2023","EQ","1,814.00","1,858.75","1,797.05","1,803.15","1,848.00","1,847.25","1,840.31","4,190.00","1,017.45","48,09,035","8,85,01,22,661.80","1,62,125"
"11-Apr-2023","EQ","1,810.00","1,829.00","1,792.85","1,797.25","1,800.00","1,803.15","1,809.04","4,190.00","1,017.45","28,83,672","5,21,66,80,033.90","1,05,302"
"10-Apr-2023","EQ","1,774.00","1,812.70","1,760.60","1,754.05","1,797.00","1,797.25","1,792.77","4,190.00","1,017.45","41,97,975","7,52,60,19,234.05","1,75,216"
"06-Apr-2023","EQ","1,705.00","1,793.65","1,688.15","1,698.00","1,752.60","1,754.05","1,750.41","4,190.00","1,017.45","60,12,473","10,52,43,02,365.35","2,41,838"
"05-Apr-2023","EQ","1,717.45","1,737.95","1,671.55","1,717.45","1,701.50","1,698.00","1,700.22","4,190.00","1,017.45","36,90,559","6,27,47,70,522.45","1,53,045"
"03-Apr-2023","EQ","1,750.45","1,754.95","1,695.50","1,750.45","1,718.00","1,717.45","1,717.59","4,190.00","1,017.45","34,45,796","5,91,84,69,863.80","1,42,156"
"31-Mar-2023","EQ","1,788.00","1,825.00","1,740.00","1,740.40","1,742.10","1,750.45","1,773.00","4,190.00","1,017.45","48,93,249","8,67,57,37,329.15","2,17,475"
"29-Mar-2023","EQ","1,602.95","1,756.00","1,591.10","1,600.85","1,749.50","1,740.40","1,692.55","4,190.00","1,017.45","93,32,702","15,79,60,63,065.40","3,72,047"
"28-Mar-2023","EQ","1,727.95","1,733.00","1,573.00","1,723.05","1,602.95","1,600.85","1,631.04","4,190.00","1,017.45","81,44,878","13,28,46,34,677.80","3,55,424"
"27-Mar-2023","EQ","1,740.65","1,757.40","1,682.00","1,740.65","1,721.35","1,723.05","1,723.26","4,190.00","1,017.45","50,53,055","8,70,77,23,637.95","2,25,632"
"24-Mar-2023","EQ","1,796.00","1,823.00","1,695.25","1,794.00","1,745.95","1,740.65","1,756.97","4,190.00","1,017.45","61,87,968","10,87,20,50,512.05","2,74,938"
"23-Mar-2023","EQ","1,794.00","1,834.00","1,780.00","1,815.40","1,800.00","1,794.00","1,806.17","4,190.00","1,017.45","41,08,804","7,42,12,03,031.00","1,69,920"
"22-Mar-2023","EQ","1,834.00","1,850.00","1,806.15","1,824.25","1,809.35","1,815.40","1,825.77","4,190.00","1,017.45","32,48,124","5,93,03,35,770.35","1,30,781"
"21-Mar-2023","EQ","1,836.95","1,861.00","1,804.95","1,804.95","1,821.50","1,824.25","1,829.30","4,190.00","1,017.45","40,94,018","7,48,91,99,702.80","1,58,108"
"20-Mar-2023","EQ","1,837.00","1,849.95","1,777.40","1,876.55","1,812.00","1,804.95","1,805.76","4,190.00","1,017.45","51,68,139","9,33,24,29,725.15","2,27,261"
"17-Mar-2023","EQ","1,901.00","1,918.85","1,845.00","1,843.80","1,874.00","1,876.55","1,870.80","4,190.00","1,017.45","59,69,594","11,16,79,44,229.35","2,63,971"
"16-Mar-2023","EQ","1,861.00","1,875.00","1,795.00","1,839.00","1,840.00","1,843.80","1,838.73","4,190.00","1,017.45","65,09,495","11,96,92,02,063.80","3,11,541"
"15-Mar-2023","EQ","1,760.90","1,891.45","1,728.10","1,738.20","1,838.00","1,839.00","1,809.83","4,190.00","1,017.45","1,22,96,703","22,25,49,03,981.50","5,73,832"
"14-Mar-2023","EQ","1,874.00","1,874.85","1,651.35","1,874.40","1,730.00","1,738.20","1,742.93","4,190.00","1,017.45","1,26,79,663","22,09,98,19,684.25","5,51,558"
"13-Mar-2023","EQ","1,917.00","1,985.00","1,857.40","1,896.20","1,859.00","1,874.40","1,922.43","4,190.00","1,017.45","75,72,604","14,55,77,63,249.80","3,73,128"
"10-Mar-2023","EQ","1,870.00","1,940.00","1,820.60","1,953.15","1,894.20","1,896.20","1,889.62","4,190.00","1,017.45","94,19,942","17,80,01,26,062.50","4,65,434"
"09-Mar-2023","EQ","2,049.80","2,068.85","1,905.35","2,039.65","1,941.40","1,953.15","1,970.16","4,190.00","1,017.45","1,26,27,794","24,87,87,12,558.40","6,29,218"
"08-Mar-2023","EQ","2,040.00","2,088.00","1,941.00","1,982.90","2,039.00","2,039.65","2,029.34","4,190.00","1,017.45","1,35,68,243","27,53,45,92,803.85","6,25,491"
"06-Mar-2023","EQ","1,966.70","2,135.00","1,855.00","1,879.50","1,982.00","1,982.90","2,021.04","4,190.00","1,017.45","2,71,80,456","54,93,28,39,562.45","12,30,939"
"03-Mar-2023","EQ","1,688.85","1,905.95","1,685.50","1,607.25","1,874.00","1,879.50","1,806.68","4,190.00","1,017.45","2,28,88,891","41,35,29,17,851.60","8,22,488"
"02-Mar-2023","EQ","1,499.90","1,646.00","1,407.90","1,564.30","1,588.00","1,607.25","1,564.51","4,190.00","1,017.45","2,69,70,925","42,19,62,00,068.15","9,24,791"
"01-Mar-2023","EQ","1,424.00","1,580.00","1,411.00","1,363.85","1,579.00","1,564.30","1,511.37","4,190.00","1,017.45","2,01,14,340","30,40,02,82,052.45","7,58,963"
"28-Feb-2023","EQ","1,145.00","1,398.00","1,103.75","1,193.50","1,371.35","1,363.85","1,307.03","4,190.00","1,017.45","3,39,48,366","44,37,16,29,472.60","10,47,492"
"27-Feb-2023","EQ","1,300.00","1,313.80","1,131.05","1,315.65","1,187.55","1,193.50","1,222.37","4,190.00","1,017.45","1,02,71,008","12,55,49,40,831.15","4,87,401"
"24-Feb-2023","EQ","1,410.00","1,427.00","1,261.60","1,382.65","1,312.00","1,315.65","1,321.15","4,190.00","1,017.45","87,36,727","11,54,25,01,086.15","4,22,968"
"23-Feb-2023","EQ","1,380.00","1,438.00","1,350.00","1,404.85","1,388.85","1,382.65","1,394.00","4,190.00","1,017.45","89,07,540","12,41,70,96,828.45","4,27,592"
"22-Feb-2023","EQ","1,535.00","1,560.00","1,381.20","1,571.10","1,397.50","1,404.85","1,439.33","4,190.00","1,017.45","1,06,06,476","15,26,61,86,108.80","5,09,088"
"21-Feb-2023","EQ","1,626.00","1,644.45","1,561.30","1,621.45","1,563.90","1,571.10","1,598.62","4,190.00","1,017.45","55,71,915","8,90,74,00,136.15","2,81,877"
"20-Feb-2023","EQ","1,650.00","1,685.00","1,560.50","1,722.70","1,613.00","1,621.45","1,623.91","4,190.00","1,017.45","67,62,330","10,98,14,16,978.40","3,34,008"
"17-Feb-2023","EQ","1,800.00","1,815.85","1,703.20","1,796.60","1,719.00","1,722.70","1,747.80","4,190.00","1,017.45","53,92,513","9,42,50,15,185.70","2,82,372"
"16-Feb-2023","EQ","1,820.00","1,874.95","1,790.00","1,779.10","1,796.85","1,796.60","1,818.58","4,190.00","1,017.45","55,78,515","10,14,50,02,776.50","2,98,112"
"15-Feb-2023","EQ","1,780.00","1,824.40","1,750.00","1,749.70","1,772.00","1,779.10","1,788.18","4,190.00","1,017.45","76,36,578","13,65,55,86,649.50","3,85,669"
"14-Feb-2023","EQ","1,735.00","1,889.00","1,611.35","1,717.65","1,750.00","1,749.70","1,736.55","4,190.00","1,017.45","1,45,79,030","25,31,72,65,469.45","6,87,240"
"13-Feb-2023","EQ","1,850.00","1,921.70","1,662.25","1,846.95","1,706.00","1,717.65","1,753.00","4,190.00","1,017.45","1,22,10,940","21,40,57,44,070.10","6,17,527"
"10-Feb-2023","EQ","1,769.00","1,990.00","1,733.15","1,925.70","1,853.00","1,846.95","1,891.35","4,190.00","1,017.45","1,13,34,878","21,43,81,81,678.75","5,39,738"
"09-Feb-2023","EQ","2,168.00","2,168.00","1,731.40","2,164.25","1,922.00","1,925.70","1,972.72","4,190.00","1,017.45","1,82,79,862","36,06,11,16,390.95","8,29,391"
"08-Feb-2023","EQ","1,869.85","2,222.15","1,840.85","1,802.95","2,220.00","2,164.25","2,023.24","4,190.00","1,017.45","1,91,73,006","38,79,15,12,825.60","8,61,666"
"07-Feb-2023","EQ","1,571.00","1,962.70","1,525.60","1,572.70","1,813.00","1,802.95","1,764.46","4,190.00","1,017.45","1,91,88,072","33,85,65,29,198.55","8,09,538"
"06-Feb-2023","EQ","1,575.00","1,615.00","1,435.20","1,586.80","1,554.30","1,572.70","1,539.88","4,190.00","1,017.45","1,93,08,603","29,73,28,53,741.55","9,11,312"
"03-Feb-2023","EQ","1,490.00","1,679.90","1,017.45","1,565.25","1,531.00","1,586.80","1,354.92","4,190.00","1,017.45","4,38,85,579","59,46,15,32,709.05","17,04,970"
"02-Feb-2023","EQ","2,348.85","2,348.85","1,494.75","2,135.35","1,565.30","1,565.25","1,827.68","4,190.00","1,494.75","3,44,74,080","63,00,76,92,681.80","15,63,346"
"01-Feb-2023","EQ","2,995.00","3,010.75","1,941.20","2,973.90","2,179.75","2,135.35","2,540.21","4,190.00","1,528.80","1,35,25,314","34,35,71,72,149.05","5,66,482"
"31-Jan-2023","EQ","2,980.00","3,073.60","2,906.00","2,892.85","2,948.00","2,973.90","2,984.79","4,190.00","1,528.80","1,15,68,020","34,52,80,64,984.40","4,97,618"
"30-Jan-2023","EQ","2,850.00","3,037.55","2,665.00","2,761.45","2,869.85","2,892.85","2,865.44","4,190.00","1,528.80","2,09,47,906","60,02,49,45,536.25","9,07,742"
"27-Jan-2023","EQ","3,335.00","3,346.50","2,712.00","3,388.95","2,768.50","2,761.45","3,010.35","4,190.00","1,528.80","1,47,64,368","44,44,59,79,636.20","5,62,994"
"25-Jan-2023","EQ","3,422.00","3,428.00","3,315.00","3,442.00","3,405.00","3,388.95","3,372.68","4,190.00","1,528.80","36,86,439","12,43,31,94,761.25","1,14,072"
"24-Jan-2023","EQ","3,447.45","3,508.00","3,430.00","3,436.35","3,441.00","3,442.00","3,458.77","4,190.00","1,528.80","15,18,123","5,25,08,32,989.65","62,403"
"23-Jan-2023","EQ","3,443.05","3,460.00","3,412.55","3,456.15","3,439.50","3,436.35","3,435.17","4,190.00","1,528.80","9,74,857","3,34,88,00,915.95","45,252"
"20-Jan-2023","EQ","3,450.00","3,477.35","3,440.95","3,463.55","3,451.00","3,456.15","3,456.32","4,190.00","1,528.80","15,10,258","5,21,99,31,466.90","55,259"
"19-Jan-2023","EQ","3,470.00","3,537.70","3,426.70","3,596.70","3,458.00","3,463.55","3,468.31","4,190.00","1,528.80","36,96,319","12,81,99,88,176.70","1,53,420"
"18-Jan-2023","EQ","3,648.00","3,648.00","3,527.10","3,639.35","3,584.90","3,596.70","3,590.24","4,190.00","1,528.80","36,52,240","13,11,24,32,423.50","1,23,459"
"17-Jan-2023","EQ","3,620.00","3,649.60","3,560.20","3,619.80","3,640.00","3,639.35","3,615.39","4,190.00","1,528.80","16,68,381","6,03,18,49,312.75","75,220"
"16-Jan-2023","EQ","3,720.00","3,739.95","3,600.00","3,721.15","3,621.00","3,619.80","3,637.65","4,190.00","1,528.80","18,63,848","6,78,00,32,266.00","81,657"
"13-Jan-2023","EQ","3,651.20","3,736.05","3,642.20","3,647.20","3,720.00","3,721.15","3,693.45","4,190.00","1,528.80","13,64,712","5,04,04,92,790.50","71,398"
"12-Jan-2023","EQ","3,642.50","3,679.00","3,612.00","3,635.80","3,641.75","3,647.20","3,644.00","4,190.00","1,528.80","11,99,785","4,37,20,19,613.45","61,175"
"11-Jan-2023","EQ","3,660.00","3,664.50","3,560.10","3,646.90","3,635.00","3,635.80","3,616.79","4,190.00","1,528.80","22,26,506","8,05,27,97,086.85","1,04,118"
"10-Jan-2023","EQ","3,859.00","3,862.05","3,555.00","3,855.30","3,636.85","3,646.90","3,672.11","4,190.00","1,528.80","35,95,798","13,20,41,75,227.25","1,61,278"
"09-Jan-2023","EQ","3,843.00","3,880.00","3,811.25","3,824.25","3,853.00","3,855.30","3,850.60","4,190.00","1,528.80","7,53,981","2,90,32,81,089.00","42,423"
"06-Jan-2023","EQ","3,829.00","3,868.25","3,797.05","3,829.80","3,824.00","3,824.25","3,834.29","4,190.00","1,528.80","9,12,159","3,49,74,85,465.55","44,367"
"05-Jan-2023","EQ","3,827.05","3,842.40","3,756.90","3,827.05","3,839.00","3,829.80","3,813.43","4,190.00","1,528.80","9,97,006","3,80,20,09,161.60","49,242"
"04-Jan-2023","EQ","3,839.00","3,874.95","3,803.60","3,830.95","3,822.00","3,827.05","3,833.86","4,190.00","1,528.80","10,28,377","3,94,26,49,146.95","47,586"
"03-Jan-2023","EQ","3,841.90","3,852.85","3,791.00","3,841.20","3,828.10","3,830.95","3,830.96","4,190.00","1,528.80","7,99,905","3,06,44,03,987.15","38,042"
"02-Jan-2023","EQ","3,870.00","3,874.00","3,822.55","3,858.35","3,843.00","3,841.20","3,847.82","4,190.00","1,528.80","9,23,051","3,55,17,33,873.75","42,124"
"30-Dec-2022","EQ","3,829.70","3,898.00","3,822.05","3,810.60","3,850.00","3,858.35","3,858.43","4,190.00","1,528.80","15,28,747","5,89,85,58,262.20","59,598"
"29-Dec-2022","EQ","3,790.00","3,825.00","3,748.10","3,797.70","3,815.35","3,810.60","3,790.66","4,190.00","1,528.80","15,31,692","5,80,61,24,866.15","67,660"
"28-Dec-2022","EQ","3,756.05","3,825.00","3,745.00","3,769.65","3,797.95","3,797.70","3,784.81","4,190.00","1,528.80","13,77,950","5,21,52,78,229.50","58,991"
"27-Dec-2022","EQ","3,732.45","3,797.90","3,695.05","3,716.75","3,767.15","3,769.65","3,740.71","4,190.00","1,528.80","18,04,911","6,75,16,42,941.35","72,966"
"26-Dec-2022","EQ","3,653.00","3,744.90","3,620.00","3,642.20","3,709.00","3,716.75","3,711.03","4,190.00","1,528.80","21,62,662","8,02,57,04,748.75","99,922"
"23-Dec-2022","EQ","3,822.00","3,848.00","3,616.80","3,868.55","3,650.05","3,642.20","3,730.40","4,190.00","1,528.80","30,36,157","11,32,60,65,203.65","1,40,276"
"22-Dec-2022","EQ","3,948.00","3,948.00","3,817.05","3,901.95","3,856.00","3,868.55","3,877.13","4,190.00","1,528.80","28,79,658","11,16,48,19,496.85","1,34,348"
"21-Dec-2022","EQ","4,175.00","4,190.00","3,883.25","4,165.30","3,909.00","3,901.95","4,005.13","4,190.00","1,528.80","35,85,883","14,36,19,40,522.35","1,67,340"
"20-Dec-2022","EQ","4,095.00","4,172.00","4,066.40","4,075.30","4,165.00","4,165.30","4,125.20","4,172.00","1,528.80","37,78,426","15,58,67,56,140.30","1,31,294"
"19-Dec-2022","EQ","3,988.00","4,104.00","3,971.45","3,980.80","4,101.00","4,075.30","4,030.64","4,104.00","1,528.80","16,43,404","6,62,39,67,217.30","53,127"
"16-Dec-2022","EQ","4,018.90","4,047.90","3,944.05","4,043.75","3,983.00","3,980.80","3,992.46","4,096.00","1,528.80","15,98,960","6,38,37,85,498.65","55,399"
"15-Dec-2022","EQ","4,055.80","4,073.05","4,025.00","4,055.80","4,025.25","4,043.75","4,051.93","4,096.00","1,528.80","8,66,138","3,50,95,30,717.80","37,452"
"14-Dec-2022","EQ","4,076.00","4,092.05","4,040.00","4,060.20","4,049.00","4,055.80","4,067.51","4,096.00","1,528.80","11,14,492","4,53,32,11,917.70","42,940"
"13-Dec-2022","EQ","4,027.80","4,072.00","4,011.60","4,016.70","4,060.00","4,060.20","4,047.97","4,096.00","1,528.80","12,15,308","4,91,95,35,387.65","47,587"
"12-Dec-2022","EQ","3,997.00","4,031.90","3,968.75","3,996.80","4,010.15","4,016.70","4,008.66","4,096.00","1,528.80","8,02,499","3,21,69,45,985.15","38,510"
"09-Dec-2022","EQ","4,044.00","4,094.00","3,941.50","4,025.00","3,995.60","3,996.80","4,020.27","4,096.00","1,528.80","21,29,800","8,56,23,77,224.60","79,946"
"08-Dec-2022","EQ","4,010.00","4,045.00","4,003.35","3,999.30","4,023.35","4,025.00","4,027.23","4,096.00","1,528.80","8,95,075","3,60,46,75,253.30","43,843"
"07-Dec-2022","EQ","4,031.00","4,057.90","3,984.55","4,031.80","3,998.00","3,999.30","4,016.92","4,096.00","1,528.80","12,57,261","5,05,03,18,788.85","63,713"
"06-Dec-2022","EQ","3,920.00","4,057.00","3,909.00","3,930.40","4,026.00","4,031.80","4,013.11","4,096.00","1,528.80","29,62,621","11,88,93,17,095.90","1,21,859"
"05-Dec-2022","EQ","3,928.90","3,939.00","3,810.05","3,922.50","3,930.20","3,930.40","3,874.71","4,096.00","1,528.80","23,92,866","9,27,16,72,967.50","88,778"
"02-Dec-2022","EQ","3,905.00","3,963.80","3,885.00","3,915.10","3,915.00","3,922.50","3,922.77","4,096.00","1,528.80","12,97,832","5,09,11,01,029.10","53,440"
"01-Dec-2022","EQ","3,937.50","3,944.95","3,902.45","3,917.90","3,907.40","3,915.10","3,921.49","4,096.00","1,528.80","9,45,838","3,70,90,90,833.50","35,157"
"30-Nov-2022","EQ","3,897.80","3,939.90","3,867.00","3,878.40","3,924.70","3,917.90","3,904.01","4,096.00","1,528.80","19,68,428","7,68,47,64,468.70","62,047"
"29-Nov-2022","EQ","3,885.00","3,915.00","3,864.05","3,886.15","3,870.00","3,878.40","3,888.99","4,096.00","1,528.80","15,13,444","5,88,57,65,382.25","46,398"
"28-Nov-2022","EQ","3,899.40","3,925.00","3,871.40","3,901.10","3,884.45","3,886.15","3,900.75","4,096.00","1,528.80","11,19,166","4,36,55,87,663.05","42,474"
"25-Nov-2022","EQ","3,929.00","3,949.90","3,845.30","3,921.10","3,900.05","3,901.10","3,894.99","4,096.00","1,528.80","25,06,346","9,76,22,03,482.25","91,106"
"24-Nov-2022","EQ","3,910.00","3,935.00","3,821.00","3,903.30","3,930.00","3,921.10","3,883.06","4,096.00","1,528.80","27,97,181","10,86,16,10,719.95","1,11,478"
"23-Nov-2022","EQ","4,050.00","4,061.85","3,873.00","4,034.00","3,897.00","3,903.30","3,952.37","4,096.00","1,528.80","28,61,156","11,30,83,39,333.55","1,19,633"
"22-Nov-2022","EQ","4,001.85","4,056.00","3,988.00","4,001.85","4,034.90","4,034.00","4,031.64","4,096.00","1,528.80","17,05,043","6,87,41,17,536.90","61,621"
"21-Nov-2022","EQ","4,019.95","4,019.95","3,921.95","4,019.80","3,999.50","4,001.85","3,978.87","4,096.00","1,528.80","14,92,003","5,93,64,90,081.00","63,301"
"18-Nov-2022","EQ","4,028.35","4,043.00","3,984.00","4,018.15","4,020.00","4,019.80","4,013.45","4,096.00","1,528.80","14,40,776","5,78,24,83,471.35","61,375"
"17-Nov-2022","EQ","3,970.00","4,033.00","3,900.00","3,956.60","4,017.00","4,018.15","3,976.54","4,096.00","1,528.80","22,66,112","9,01,12,90,877.10","1,00,741"
"16-Nov-2022","EQ","4,057.30","4,096.00","3,863.55","4,057.80","3,975.00","3,956.60","3,979.89","4,096.00","1,528.80","30,59,841","12,17,78,31,127.65","1,20,771"
"15-Nov-2022","EQ","4,025.05","4,065.00","4,022.00","4,022.55","4,064.95","4,057.80","4,042.27","4,078.00","1,528.80","10,65,546","4,30,72,24,038.45","49,890"
"14-Nov-2022","EQ","3,999.00","4,078.00","3,990.00","4,008.85","4,024.10","4,022.55","4,035.32","4,078.00","1,528.80","18,03,092","7,27,60,60,178.75","76,145"
"11-Nov-2022","EQ","4,040.00","4,048.95","3,975.15","3,992.25","4,006.00","4,008.85","4,013.71","4,048.95","1,485.65","14,76,875","5,92,77,50,652.85","69,136"
"10-Nov-2022","EQ","3,995.00","4,030.00","3,962.15","3,997.20","3,999.00","3,992.25","3,997.44","4,048.00","1,485.65","23,13,795","9,24,92,47,525.85","94,415"
"09-Nov-2022","EQ","3,977.00","4,048.00","3,943.05","3,960.60","3,982.60","3,997.20","4,007.49","4,048.00","1,485.65","37,32,472","14,95,78,43,234.85","1,48,664"
"07-Nov-2022","EQ","3,852.45","4,013.70","3,820.00","3,833.25","3,953.35","3,960.60","3,943.84","4,013.70","1,485.65","59,85,652","23,60,64,81,228.00","2,61,119"
"04-Nov-2022","EQ","3,642.00","3,849.80","3,566.75","3,590.40","3,825.90","3,833.25","3,732.33","3,885.00","1,411.20","61,12,097","22,81,23,63,213.10","2,51,172"
"03-Nov-2022","EQ","3,550.00","3,614.70","3,542.45","3,580.70","3,590.00","3,590.40","3,588.04","3,885.00","1,411.20","12,75,216","4,57,55,32,259.55","56,803"
"02-Nov-2022","EQ","3,580.00","3,625.15","3,526.00","3,575.70","3,570.50","3,580.70","3,575.05","3,885.00","1,411.20","25,34,755","9,06,18,82,642.50","1,03,751"
"01-Nov-2022","EQ","3,361.90","3,607.45","3,352.00","3,347.45","3,579.80","3,575.70","3,519.15","3,885.00","1,411.20","43,93,335","15,46,07,83,482.30","1,62,903"
"31-Oct-2022","EQ","3,339.95","3,360.00","3,326.10","3,323.30","3,350.00","3,347.45","3,343.51","3,885.00","1,411.20","5,75,722","1,92,49,32,417.40","30,283"
"28-Oct-2022","EQ","3,322.00","3,387.95","3,297.65","3,325.00","3,325.00","3,323.30","3,337.92","3,885.00","1,367.70","13,23,334","4,41,71,87,164.20","48,185"
"27-Oct-2022","EQ","3,319.85","3,355.00","3,297.00","3,300.50","3,320.00","3,325.00","3,322.70","3,885.00","1,367.70","11,06,870","3,67,78,01,050.20","37,985"
"25-Oct-2022","EQ","3,321.95","3,345.00","3,294.00","3,309.80","3,295.05","3,300.50","3,313.09","3,885.00","1,367.70","8,79,424","2,91,36,08,009.95","35,025"
"24-Oct-2022","EQ","3,325.00","3,340.10","3,287.40","3,311.90","3,320.00","3,309.80","3,317.49","3,885.00","1,367.70","2,48,249","82,35,64,724.35","9,916"
"21-Oct-2022","EQ","3,374.90","3,382.00","3,287.00","3,357.10","3,309.75","3,311.90","3,335.48","3,885.00","1,367.70","11,20,790","3,73,83,69,840.15","41,865"
"20-Oct-2022","EQ","3,260.00","3,365.00","3,245.00","3,277.25","3,361.05","3,357.10","3,308.85","3,885.00","1,367.70","22,11,287","7,31,68,11,040.15","66,573"
"19-Oct-2022","EQ","3,300.00","3,310.00","3,259.65","3,284.30","3,277.00","3,277.25","3,289.84","3,885.00","1,367.70","13,96,513","4,59,43,01,611.90","45,073"
"18-Oct-2022","EQ","3,249.00","3,298.00","3,226.10","3,212.60","3,289.00","3,284.30","3,268.80","3,885.00","1,367.70","16,35,079","5,34,47,52,856.60","51,032"
"17-Oct-2022","EQ","3,211.00","3,235.00","3,136.10","3,209.50","3,225.00","3,212.60","3,198.73","3,885.00","1,367.70","19,85,298","6,35,04,25,876.50","65,568"
"14-Oct-2022","EQ","3,272.00","3,305.00","3,194.85","3,233.65","3,201.00","3,209.50","3,242.81","3,885.00","1,367.70","13,44,415","4,35,96,88,647.25","50,469"
"13-Oct-2022","EQ","3,218.00","3,262.80","3,189.00","3,223.65","3,228.00","3,233.65","3,226.46","3,885.00","1,367.70","18,40,193","5,93,73,08,018.25","67,694"
"12-Oct-2022","EQ","3,297.00","3,297.00","3,145.00","3,273.95","3,228.00","3,223.65","3,207.73","3,885.00","1,367.70","29,72,601","9,53,52,97,729.45","1,23,910"
"11-Oct-2022","EQ","3,257.55","3,338.00","3,249.00","3,246.25","3,274.00","3,273.95","3,299.63","3,885.00","1,367.70","25,44,394","8,39,55,52,194.50","98,321"
"10-Oct-2022","EQ","3,234.00","3,278.75","3,214.35","3,277.60","3,253.00","3,246.25","3,250.34","3,885.00","1,367.70","15,90,792","5,17,06,07,524.10","64,438"
"07-Oct-2022","EQ","3,280.00","3,310.95","3,228.15","3,285.00","3,279.00","3,277.60","3,269.68","3,885.00","1,367.70","19,30,275","6,31,13,83,917.90","65,403"
"06-Oct-2022","EQ","3,270.00","3,318.80","3,208.05","3,237.70","3,287.00","3,285.00","3,269.85","3,885.00","1,367.70","28,45,165","9,30,32,69,962.70","1,06,184"
"04-Oct-2022","EQ","3,230.00","3,291.20","3,125.00","3,157.30","3,229.00","3,237.70","3,229.86","3,885.00","1,367.70","56,42,467","18,22,43,62,149.00","2,06,194"
"03-Oct-2022","EQ","3,440.00","3,460.05","3,110.20","3,455.75","3,164.75","3,157.30","3,239.55","3,885.00","1,367.70","75,78,847","24,55,20,75,642.15","2,42,309"